id,first_name,last_name,email,gender,ip_address
1,Angelica,Scowcroft,ascowcroft0@lulu.com,Female,29.80.220.20
2,Gilbert,Gavin,ggavin1@bravesites.com,Male,22.84.218.209
3,Annelise,Ollis,aollis2@zimbio.com,Female,132.86.184.62
4,Drusi,Carthew,dcarthew3@cornell.edu,Female,218.124.72.255
5,Arly,Sambath,asambath4@bloglines.com,Female,38.97.20.160
6,Lilli,Traher,ltraher5@4shared.com,Female,57.143.10.40
7,Simona,Fetherstone,sfetherstone6@wufoo.com,Female,197.60.179.4
8,Leigh,Fenlon,lfenlon7@patch.com,Polygender,24.81.252.213
9,Aubrey,Gummer,agummer8@nbcnews.com,Male,78.210.65.75
10,Aprilette,O'Regan,aoregan9@shop-pro.jp,Female,108.43.198.83
11,Cobbie,Lunnon,clunnona@youku.com,Male,109.69.111.63
12,Jake,Illingworth,jillingworthb@yahoo.com,Bigender,41.54.66.251
13,Bondon,Barrass,bbarrassc@dion.ne.jp,Male,107.119.39.236
14,Christos,O' Loughran,coloughrand@desdev.cn,Male,127.171.20.169
15,Darci,Vowden,dvowdene@vkontakte.ru,Female,31.24.184.200
16,Fredrika,Kingsmill,fkingsmillf@squarespace.com,Female,144.139.19.128
17,Windham,Bedham,wbedhamg@nba.com,Male,172.85.43.234
18,Matilda,Caen,mcaenh@squidoo.com,Female,135.188.44.215
19,Anett,Sollowaye,asollowayei@dedecms.com,Female,181.68.59.83
20,Sabine,Shrieve,sshrievej@phpbb.com,Female,207.252.151.198
21,Archibold,Najera,anajerak@businessweek.com,Male,117.29.193.161
22,Ronna,Peers,rpeersl@theglobeandmail.com,Female,236.212.133.48
23,Blisse,Eassom,beassomm@drupal.org,Female,131.76.44.73
24,Cobbie,Downse,cdownsen@cbc.ca,Male,154.78.205.239
25,Lowrance,Dearn,ldearno@walmart.com,Male,155.192.188.213
26,Dreddy,Parnell,dparnellp@adobe.com,Female,233.200.186.159
27,Herrick,Catlow,hcatlowq@plala.or.jp,Bigender,218.142.225.112
28,Marigold,Rosenshine,mrosenshiner@nhs.uk,Non-binary,85.124.245.200
29,Lishe,Hovard,lhovards@shutterfly.com,Female,82.72.51.226
30,Leroy,Iwanowski,liwanowskit@ifeng.com,Polygender,159.129.104.183
31,Libby,Hallum,lhallumu@patch.com,Agender,150.186.250.182
32,Teador,Cannicott,tcannicottv@surveymonkey.com,Male,71.113.73.33
33,Giuseppe,Dudderidge,gdudderidgew@theatlantic.com,Male,108.158.176.117
34,Hirsch,Filipputti,hfilipputtix@so-net.ne.jp,Male,213.132.242.152
35,Archer,Krout,akrouty@tuttocitta.it,Male,210.221.64.244
36,Gustav,Shelliday,gshellidayz@arstechnica.com,Male,91.124.126.154
37,Humfried,Darnell,hdarnell10@behance.net,Male,116.226.142.59
38,Tania,Nattriss,tnattriss11@networkadvertising.org,Female,39.103.60.108
39,Raquel,Umbers,rumbers12@fc2.com,Female,207.160.230.115
40,Romain,Causey,rcausey13@ow.ly,Male,223.190.80.92
41,Berne,Reyne,breyne14@yale.edu,Male,210.117.163.243
42,Allie,Valerio,avalerio15@narod.ru,Female,120.79.202.250
43,Dotti,Boleyn,dboleyn16@unesco.org,Female,82.66.14.57
44,Trevor,McAvaddy,tmcavaddy17@arizona.edu,Male,189.40.167.165
45,Sebastian,Bromehed,sbromehed18@blog.com,Bigender,200.249.1.84
46,Garey,Churchin,gchurchin19@geocities.jp,Male,94.210.159.203
47,Izak,von Grollmann,ivongrollmann1a@unicef.org,Male,189.28.24.40
48,Giulio,Isson,gisson1b@cdc.gov,Polygender,246.209.19.180
49,Zack,Dank,zdank1c@unblog.fr,Male,142.235.142.20
50,Dallas,Gillbee,dgillbee1d@symantec.com,Female,48.227.228.228
51,Weston,Radnedge,wradnedge1e@discuz.net,Male,188.136.65.186
52,Mathilda,Allridge,mallridge1f@latimes.com,Female,189.94.206.152
53,Rey,Vanelli,rvanelli1g@studiopress.com,Agender,218.162.196.222
54,Loydie,Simmgen,lsimmgen1h@deliciousdays.com,Male,28.170.168.239
55,Holly,Hinners,hhinners1i@altervista.org,Female,252.192.158.173
56,Flemming,Lincoln,flincoln1j@paypal.com,Male,176.220.197.101
57,Marcelia,Passingham,mpassingham1k@domainmarket.com,Female,249.125.74.37
58,Chrissie,Gittose,cgittose1l@cpanel.net,Male,128.35.142.56
59,Purcell,Luchetti,pluchetti1m@vk.com,Male,226.24.187.17
60,Sheri,Alchin,salchin1n@ihg.com,Female,206.98.28.132
61,Gerardo,Bowser,gbowser1o@deviantart.com,Male,236.227.253.119
62,Rawley,Clash,rclash1p@cocolog-nifty.com,Male,50.39.189.172
63,Nial,Flaubert,nflaubert1q@google.com.hk,Male,156.20.250.112
64,Dante,Andrat,dandrat1r@livejournal.com,Male,142.201.30.66
65,Ephrayim,Fotherby,efotherby1s@census.gov,Male,254.10.98.143
66,Alvira,Barthelet,abarthelet1t@bandcamp.com,Genderfluid,3.171.235.152
67,Ches,Warcop,cwarcop1u@timesonline.co.uk,Male,18.204.14.33
68,Orelie,McKmurrie,omckmurrie1v@reddit.com,Non-binary,144.186.7.30
69,Abba,Canet,acanet1w@wp.com,Male,135.242.27.210
70,Darnall,Lovick,dlovick1x@is.gd,Male,225.85.220.181
71,Hanni,Sigmund,hsigmund1y@google.co.jp,Female,114.145.180.194
72,Peggi,Fessler,pfessler1z@reddit.com,Female,247.80.212.52
73,Naoma,Moir,nmoir20@webs.com,Female,123.6.89.16
74,Sanders,Lowe,slowe21@mediafire.com,Male,95.200.142.55
75,Ryan,Marrington,rmarrington22@oaic.gov.au,Male,24.174.143.149
76,Ulick,Butterley,ubutterley23@nsw.gov.au,Male,234.163.245.100
77,Montague,Suckling,msuckling24@gnu.org,Male,117.40.88.224
78,Seth,Scothern,sscothern25@a8.net,Male,52.231.141.213
79,Kirbie,Guppy,kguppy26@discovery.com,Female,189.144.249.163
80,Chane,Atley,catley27@webmd.com,Male,234.153.242.208
81,Allistir,Stolberg,astolberg28@indiegogo.com,Male,85.34.99.161
82,Lodovico,Frascone,lfrascone29@shinystat.com,Male,176.189.212.177
83,Anders,Bryenton,abryenton2a@example.com,Male,96.194.84.176
84,Ferdy,Savege,fsavege2b@china.com.cn,Male,191.133.215.4
85,Germayne,Duiged,gduiged2c@youtube.com,Polygender,202.229.74.72
86,Perl,Handmore,phandmore2d@feedburner.com,Female,55.170.171.220
87,Gavra,Goldstein,ggoldstein2e@scientificamerican.com,Non-binary,251.39.228.163
88,Richmound,Mc Comb,rmccomb2f@hostgator.com,Male,114.250.0.247
89,Link,Scrymgeour,lscrymgeour2g@who.int,Male,17.106.128.58
90,Shina,Baccup,sbaccup2h@gov.uk,Female,210.252.174.81
91,Noni,Lount,nlount2i@imgur.com,Female,140.56.32.91
92,Anselm,Terne,aterne2j@cmu.edu,Male,218.226.38.164
93,Tim,Franschini,tfranschini2k@newsvine.com,Male,165.131.95.179
94,Fin,Colliard,fcolliard2l@youtu.be,Male,62.189.127.202
95,Sybyl,Jehan,sjehan2m@github.io,Female,230.38.153.242
96,Lydia,Judkins,ljudkins2n@topsy.com,Female,222.125.11.42
97,Jakob,Strothers,jstrothers2o@is.gd,Male,216.35.181.102
98,Angele,Sarah,asarah2p@storify.com,Female,2.195.255.67
99,Vidovic,Chanson,vchanson2q@earthlink.net,Male,62.191.247.92
100,Muriel,Allchorne,mallchorne2r@marriott.com,Female,101.128.231.77
101,Gabbie,Elwel,gelwel2s@opera.com,Male,209.97.26.151
102,Cherry,Williamson,cwilliamson2t@alexa.com,Female,109.122.50.101
103,Ivan,Grigorkin,igrigorkin2u@nhs.uk,Male,74.238.169.114
104,Eugenie,Scammonden,escammonden2v@naver.com,Female,197.7.206.170
105,Romain,Rutty,rrutty2w@virginia.edu,Male,179.208.160.128
106,Basile,Arstingall,barstingall2x@sohu.com,Male,98.97.151.228
107,Cami,Sleightholm,csleightholm2y@weibo.com,Female,139.11.29.150
108,Bonnie,Eberz,beberz2z@sfgate.com,Female,22.64.77.126
109,Mort,Rosenzveig,mrosenzveig30@google.fr,Male,165.61.57.236
110,Burke,Apperley,bapperley31@usgs.gov,Male,59.152.168.83
111,Alysia,Tille,atille32@youku.com,Female,109.205.166.68
112,Elie,Burnett,eburnett33@dailymotion.com,Female,152.177.206.249
113,Hermon,Wickson,hwickson34@newsvine.com,Male,234.200.156.245
114,Melli,Bulford,mbulford35@youku.com,Female,161.175.150.141
115,Rois,Huerta,rhuerta36@shutterfly.com,Female,248.221.40.204
116,Bordie,Coggeshall,bcoggeshall37@cmu.edu,Male,186.94.49.204
117,Claudelle,Harwick,charwick38@jimdo.com,Female,209.218.126.6
118,Xenos,Lockie,xlockie39@unesco.org,Male,161.24.74.164
119,Fields,Bust,fbust3a@ehow.com,Male,184.20.52.170
120,Oralie,Moniker,omoniker3b@nydailynews.com,Genderqueer,21.21.80.85
121,Brooke,Deetlefs,bdeetlefs3c@purevolume.com,Male,11.157.53.115
122,Georgeanne,Stockle,gstockle3d@tiny.cc,Female,98.44.116.236
123,Gary,Janczak,gjanczak3e@patch.com,Male,134.160.135.231
124,Julio,Sandcraft,jsandcraft3f@upenn.edu,Male,206.220.1.130
125,Gwenni,Simnel,gsimnel3g@mail.ru,Female,60.147.124.224
126,Oriana,Edmundson,oedmundson3h@cnn.com,Female,239.119.234.18
127,Kym,Jovovic,kjovovic3i@slashdot.org,Non-binary,213.215.231.81
128,Garret,Mouncher,gmouncher3j@irs.gov,Male,30.1.182.187
129,Veda,Gostall,vgostall3k@engadget.com,Female,141.244.222.141
130,Dominique,MacCarter,dmaccarter3l@reference.com,Female,56.23.73.64
131,Tarrance,Aspey,taspey3m@huffingtonpost.com,Male,154.118.204.227
132,Emmerich,Faraday,efaraday3n@state.tx.us,Male,26.87.162.100
133,Bronson,Estevez,bestevez3o@google.com,Male,118.5.13.155
134,Demetre,Eastabrook,deastabrook3p@geocities.jp,Male,94.106.39.233
135,Bennett,Rodson,brodson3q@businesswire.com,Male,177.93.252.216
136,Danny,Duffy,dduffy3r@goo.ne.jp,Male,132.195.175.229
137,Jaquelin,Casillas,jcasillas3s@uiuc.edu,Female,25.74.207.5
138,Krystyna,Burnyate,kburnyate3t@so-net.ne.jp,Female,115.14.148.86
139,Sunny,Allberry,sallberry3u@free.fr,Male,88.180.19.216
140,Janeva,Cleife,jcleife3v@discovery.com,Female,253.128.86.36
141,Rozanne,Dilkes,rdilkes3w@is.gd,Female,158.105.183.125
142,Dawn,Iiannone,diiannone3x@thetimes.co.uk,Female,209.152.41.111
143,Clemmy,Zanazzi,czanazzi3y@deviantart.com,Male,164.118.135.157
144,Nerte,Looks,nlooks3z@photobucket.com,Female,50.98.202.155
145,Marjy,Welford,mwelford40@google.co.uk,Female,145.235.90.50
146,Augustina,Stollmeier,astollmeier41@opera.com,Female,100.114.232.117
147,Emilio,Grabiec,egrabiec42@sun.com,Male,160.253.146.127
148,Alex,Poulsum,apoulsum43@shop-pro.jp,Female,201.159.204.242
149,Carlina,Klouz,cklouz44@sphinn.com,Female,42.196.177.4
150,Hilda,Mcettrick,hmcettrick45@china.com.cn,Female,120.157.69.67
151,Nessy,Muffin,nmuffin46@topsy.com,Female,68.255.13.41
152,Lanni,Wood,lwood47@forbes.com,Female,195.215.133.135
153,Maddalena,Tyre,mtyre48@blog.com,Female,67.3.5.52
154,Alistair,Primett,aprimett49@ucsd.edu,Male,235.158.19.69
155,Donall,Butteris,dbutteris4a@springer.com,Male,171.108.110.217
156,Rosie,Eglin,reglin4b@cnet.com,Female,239.145.130.175
157,Masha,Songist,msongist4c@exblog.jp,Female,157.66.47.38
158,Thurston,Blazeby,tblazeby4d@domainmarket.com,Male,149.238.185.23
159,Paolo,Marmion,pmarmion4e@skyrock.com,Male,107.65.97.248
160,Ray,Scott,rscott4f@weebly.com,Female,153.18.139.213
161,Lynsey,Elleton,lelleton4g@zdnet.com,Female,154.153.216.0
162,Nessi,Gillison,ngillison4h@furl.net,Female,196.110.51.143
163,Caro,Woolbrook,cwoolbrook4i@sun.com,Female,56.240.213.159
164,Milzie,Badger,mbadger4j@trellian.com,Female,34.167.74.79
165,Rafferty,Nudd,rnudd4k@wordpress.com,Male,168.167.250.57
166,Camellia,Keysel,ckeysel4l@woothemes.com,Female,27.102.85.154
167,Donal,Sproul,dsproul4m@surveymonkey.com,Male,162.169.28.35
168,Eleonore,Pegden,epegden4n@ezinearticles.com,Polygender,95.158.143.250
169,Paul,Schulze,pschulze4o@hao123.com,Male,155.75.14.23
170,Fedora,Le Provest,fleprovest4p@wikispaces.com,Female,71.183.105.15
171,Gale,Sinott,gsinott4q@elpais.com,Female,172.239.36.167
172,Kyrstin,Bener,kbener4r@blogs.com,Female,1.137.240.206
173,Randene,Holdey,rholdey4s@dailymotion.com,Female,13.240.94.0
174,Dorine,Weber,dweber4t@hexun.com,Female,138.139.21.124
175,Bertine,Saller,bsaller4u@photobucket.com,Female,233.155.164.190
176,Tony,Grimoldby,tgrimoldby4v@shareasale.com,Genderqueer,197.125.238.180
177,Phyllys,Jullian,pjullian4w@admin.ch,Genderqueer,170.10.58.190
178,Mike,Domingues,mdomingues4x@bing.com,Male,227.56.65.212
179,Lara,McGaffey,lmcgaffey4y@nsw.gov.au,Female,30.207.160.68
180,Philis,Jerratsch,pjerratsch4z@unesco.org,Female,0.157.252.182
181,Franni,Scamp,fscamp50@angelfire.com,Female,159.82.230.6
182,Olly,Cassely,ocassely51@cdbaby.com,Female,194.243.46.134
183,Rice,Stoll,rstoll52@unblog.fr,Genderfluid,147.144.75.53
184,Adriano,Pack,apack53@yahoo.com,Male,45.85.71.205
185,Marcello,Bremond,mbremond54@wordpress.org,Male,40.34.58.160
186,Noak,McCourt,nmccourt55@theguardian.com,Male,247.72.212.244
187,Derick,Babin,dbabin56@chronoengine.com,Male,8.48.217.145
188,Alexandros,Reaveley,areaveley57@discovery.com,Non-binary,151.26.182.6
189,Fayette,Rosten,frosten58@altervista.org,Female,218.187.62.143
190,Emery,Dodswell,edodswell59@walmart.com,Bigender,75.91.161.152
191,Reiko,Rockhill,rrockhill5a@redcross.org,Female,49.163.112.65
192,Hussein,Lochet,hlochet5b@wikia.com,Male,148.107.240.61
193,Monti,Le Barr,mlebarr5c@accuweather.com,Male,61.33.158.131
194,Cherin,Buret,cburet5d@theguardian.com,Female,74.41.163.157
195,Rik,Langland,rlangland5e@squarespace.com,Male,8.99.156.64
196,Trescha,Francey,tfrancey5f@barnesandnoble.com,Female,139.67.23.96
197,Blane,Sandford,bsandford5g@nymag.com,Male,25.81.107.8
198,Edeline,Frostdyke,efrostdyke5h@rediff.com,Agender,152.209.151.20
199,Jaime,Macari,jmacari5i@sbwire.com,Male,192.194.184.110
200,Marius,Closs,mcloss5j@google.co.uk,Male,36.136.8.107
201,Delano,Clausner,dclausner5k@hp.com,Male,19.35.104.61
202,Tades,Gelland,tgelland5l@weather.com,Male,178.80.248.194
203,Hew,Thumann,hthumann5m@de.vu,Male,9.57.160.124
204,Ruperto,Hruska,rhruska5n@uol.com.br,Male,102.131.213.244
205,Nial,Ricket,nricket5o@wunderground.com,Male,86.53.28.154
206,Pansie,O'Devey,podevey5p@youtu.be,Female,237.183.110.84
207,Hector,Kingaby,hkingaby5q@unicef.org,Male,29.21.103.142
208,Page,Dickerline,pdickerline5r@spotify.com,Male,38.202.57.21
209,Rosemary,Brecknell,rbrecknell5s@tripod.com,Female,58.224.25.252
210,Virge,Crossland,vcrossland5t@flavors.me,Male,109.169.121.152
211,Bibi,Duhig,bduhig5u@vk.com,Female,3.1.182.228
212,Mame,Miners,mminers5v@answers.com,Female,81.152.199.7
213,Feodora,O'Hederscoll,fohederscoll5w@gravatar.com,Female,107.188.51.178
214,Leslie,Aspel,laspel5x@dropbox.com,Female,21.119.15.168
215,Andy,Buscher,abuscher5y@nps.gov,Male,227.21.226.215
216,Traver,Quartley,tquartley5z@fc2.com,Male,114.136.167.6
217,Jefferson,Izzett,jizzett60@free.fr,Male,102.23.173.110
218,Fernando,Lattie,flattie61@usda.gov,Male,70.161.190.64
219,Martainn,Abrahamian,mabrahamian62@nytimes.com,Male,13.219.36.77
220,Wenonah,Allsworth,wallsworth63@craigslist.org,Female,125.202.227.241
221,Isidoro,Tregea,itregea64@google.com,Male,77.40.123.226
222,Amity,Morin,amorin65@wisc.edu,Female,22.141.167.159
223,Taddeo,Rossiter,trossiter66@webmd.com,Male,128.181.184.155
224,Boone,Quinell,bquinell67@epa.gov,Male,177.94.67.200
225,Letizia,Stanford,lstanford68@forbes.com,Female,47.164.231.149
226,Ike,Gillebert,igillebert69@google.ru,Male,210.77.170.47
227,Christi,Ludwikiewicz,cludwikiewicz6a@hatena.ne.jp,Female,43.41.168.56
228,Collen,Oakton,coakton6b@phoca.cz,Female,206.178.129.44
229,Filippo,FitzGeorge,ffitzgeorge6c@ebay.co.uk,Male,199.64.134.6
230,Dulcinea,Bus,dbus6d@sogou.com,Female,103.245.239.52
231,Dorris,Smewin,dsmewin6e@salon.com,Female,79.51.182.66
232,Elianora,McChesney,emcchesney6f@wikia.com,Female,236.151.148.227
233,Lemmie,Hansana,lhansana6g@narod.ru,Male,246.220.112.116
234,Jan,Boich,jboich6h@wikispaces.com,Female,36.26.47.196
235,Anastasia,Clowney,aclowney6i@twitter.com,Female,70.14.163.164
236,Arlen,Verecker,averecker6j@zimbio.com,Female,245.148.111.88
237,Aleen,Retallick,aretallick6k@domainmarket.com,Genderqueer,111.187.154.141
238,Nannie,Melson,nmelson6l@symantec.com,Female,107.43.193.183
239,Fleming,Christol,fchristol6m@chronoengine.com,Male,61.129.181.1
240,Morey,Dollard,mdollard6n@wikipedia.org,Male,172.109.72.245
241,Adan,Hellin,ahellin6o@tripadvisor.com,Polygender,4.173.37.191
242,Gaston,Rehn,grehn6p@wordpress.com,Male,47.203.251.23
243,Chip,Ellsom,cellsom6q@wikispaces.com,Male,148.105.37.164
244,Keelia,Stanes,kstanes6r@histats.com,Female,207.45.93.127
245,Rafferty,Yetman,ryetman6s@biblegateway.com,Male,168.143.117.154
246,Ignacius,Stebbings,istebbings6t@fastcompany.com,Male,105.39.50.29
247,Garald,Gregori,ggregori6u@behance.net,Male,173.150.233.52
248,Tess,Gregoire,tgregoire6v@behance.net,Female,255.59.185.117
249,Jude,Lambert,jlambert6w@toplist.cz,Male,175.60.117.194
250,Vinny,Veck,vveck6x@github.com,Female,129.4.53.73
251,Rubi,Tonry,rtonry6y@cbsnews.com,Polygender,27.121.124.80
252,Harman,Mitchell,hmitchell6z@acquirethisname.com,Male,18.50.39.64
253,Kalie,Bulcock,kbulcock70@businessinsider.com,Female,58.243.46.250
254,Dalt,Sambrok,dsambrok71@bbc.co.uk,Male,144.19.67.148
255,Arel,Dyott,adyott72@vinaora.com,Male,216.109.200.111
256,Allyce,Andreasen,aandreasen73@godaddy.com,Polygender,108.204.174.19
257,Helenka,Aireton,haireton74@upenn.edu,Female,76.147.12.133
258,Lynea,Canizares,lcanizares75@xrea.com,Genderfluid,172.114.18.194
259,Daile,Cretney,dcretney76@weebly.com,Female,216.232.143.130
260,Sheena,Stonehouse,sstonehouse77@time.com,Female,239.88.116.31
261,Leanor,Fortnon,lfortnon78@linkedin.com,Female,135.54.121.227
262,Dolly,Deluce,ddeluce79@marriott.com,Female,12.245.101.161
263,Christean,Sunnex,csunnex7a@myspace.com,Female,88.197.60.243
264,Bernadene,Toffler,btoffler7b@surveymonkey.com,Female,128.167.46.217
265,Lishe,Bryns,lbryns7c@discuz.net,Female,110.17.247.163
266,Donn,Langmead,dlangmead7d@tinyurl.com,Male,6.90.1.221
267,Igor,MacNaughton,imacnaughton7e@pagesperso-orange.fr,Polygender,86.78.122.233
268,Derril,Seelbach,dseelbach7f@japanpost.jp,Male,187.101.72.59
269,Rodger,Teeney,rteeney7g@1und1.de,Male,239.211.129.248
270,Adora,Hattrick,ahattrick7h@jimdo.com,Female,108.161.115.51
271,Sergei,Schustl,sschustl7i@google.de,Male,86.187.83.162
272,Lorant,Prout,lprout7j@csmonitor.com,Male,0.7.155.24
273,Sue,Ellwood,sellwood7k@theguardian.com,Genderqueer,92.156.241.238
274,Torrin,Cecchetelli,tcecchetelli7l@pcworld.com,Male,135.36.24.217
275,Fabio,Oxherd,foxherd7m@accuweather.com,Male,106.237.19.100
276,Amaleta,Keach,akeach7n@census.gov,Female,79.1.124.174
277,Darsey,Smurfit,dsmurfit7o@amazon.co.jp,Female,35.253.212.12
278,Tillie,Jaegar,tjaegar7p@hp.com,Female,229.255.59.49
279,Lulu,By,lby7q@time.com,Female,79.37.8.60
280,Ritchie,Bridgman,rbridgman7r@google.ca,Male,163.75.81.251
281,Berti,Klyner,bklyner7s@ihg.com,Female,39.239.55.110
282,Lannie,Pfeffer,lpfeffer7t@sciencedaily.com,Male,56.132.113.79
283,Vicky,Dounbare,vdounbare7u@illinois.edu,Female,134.83.125.78
284,Mirna,Atherton,matherton7v@ow.ly,Genderqueer,81.159.60.157
285,Oby,Proger,oproger7w@edublogs.org,Male,106.180.18.81
286,Elana,Roebottom,eroebottom7x@oracle.com,Female,31.66.40.2
287,Sharona,Tompsett,stompsett7y@cpanel.net,Female,162.125.108.34
288,Kaylyn,Christin,kchristin7z@opensource.org,Female,182.185.248.38
289,Montague,Featherstonhaugh,mfeatherstonhaugh80@twitter.com,Male,20.139.217.154
290,Maddi,Downes,mdownes81@youku.com,Female,128.159.236.182
291,Shaun,Najara,snajara82@wikispaces.com,Male,133.115.50.209
292,Nataniel,Piwall,npiwall83@indiegogo.com,Genderfluid,107.231.74.48
293,Prue,Walklate,pwalklate84@statcounter.com,Female,2.92.164.207
294,Krystle,Hudless,khudless85@ocn.ne.jp,Female,239.9.99.221
295,Melina,Ayscough,mayscough86@google.ca,Female,132.140.35.88
296,Tiena,Stores,tstores87@histats.com,Female,68.13.37.154
297,Joann,Figliovanni,jfigliovanni88@constantcontact.com,Female,56.34.169.121
298,Johan,Wilcox,jwilcox89@twitter.com,Male,78.248.214.203
299,Charo,Nestoruk,cnestoruk8a@facebook.com,Female,177.122.234.51
300,Jan,Baldassi,jbaldassi8b@barnesandnoble.com,Male,221.255.161.193
301,Nikolai,Buney,nbuney8c@tripadvisor.com,Male,110.84.102.211
302,Kippie,Balthasar,kbalthasar8d@boston.com,Male,196.169.3.94
303,Sheffy,Romanin,sromanin8e@tiny.cc,Male,42.226.41.196
304,Ced,Guiu,cguiu8f@sohu.com,Male,168.166.250.187
305,Alexandrina,Bessell,abessell8g@qq.com,Female,54.112.100.148
306,Abelard,Raspin,araspin8h@nbcnews.com,Male,143.32.209.77
307,Udall,Golden,ugolden8i@tiny.cc,Male,47.169.176.40
308,Kiley,Peploe,kpeploe8j@ebay.co.uk,Bigender,198.75.97.128
309,Winston,Fipp,wfipp8k@engadget.com,Male,25.88.15.147
310,Olga,Pauncefort,opauncefort8l@who.int,Female,111.71.42.48
311,Bastien,Bockman,bbockman8m@360.cn,Male,134.123.242.138
312,Romy,Dellenty,rdellenty8n@hud.gov,Female,103.174.34.111
313,Albrecht,Botwright,abotwright8o@gizmodo.com,Male,147.44.137.233
314,Cybill,Averay,caveray8p@cnn.com,Female,170.15.229.244
315,Gabie,Sargison,gsargison8q@msn.com,Female,238.245.201.255
316,Gabey,Gariff,ggariff8r@surveymonkey.com,Female,200.149.123.172
317,Agna,Swire,aswire8s@newsvine.com,Female,164.74.49.191
318,Husain,Creagh,hcreagh8t@sfgate.com,Male,147.117.167.13
319,Jessa,Durham,jdurham8u@lycos.com,Female,110.225.191.24
320,Patten,Jefferson,pjefferson8v@google.de,Male,5.66.152.54
321,Beret,Brennon,bbrennon8w@myspace.com,Female,70.59.71.128
322,Milzie,Waberer,mwaberer8x@un.org,Bigender,29.180.230.178
323,Jamesy,Eley,jeley8y@miibeian.gov.cn,Male,147.174.40.154
324,Victoir,Gellion,vgellion8z@dagondesign.com,Male,178.25.152.31
325,Izaak,Mottershead,imottershead90@aboutads.info,Male,222.182.242.14
326,Brock,Tranckle,btranckle91@samsung.com,Male,189.235.195.144
327,Roley,Faircley,rfaircley92@imdb.com,Genderqueer,99.114.5.149
328,Rivy,Rumming,rrumming93@netscape.com,Female,234.162.184.137
329,Chane,MacTavish,cmactavish94@nbcnews.com,Male,187.61.186.210
330,Jennilee,Harmond,jharmond95@trellian.com,Female,137.54.227.135
331,Niall,Livingston,nlivingston96@psu.edu,Male,121.216.127.187
332,Art,McClune,amcclune97@jigsy.com,Male,233.204.105.87
333,Isador,Camilleri,icamilleri98@t-online.de,Male,248.45.165.225
334,Robenia,Brocklebank,rbrocklebank99@ehow.com,Female,103.15.175.16
335,Mattias,Yearne,myearne9a@wunderground.com,Male,202.206.50.250
336,Hesther,Print,hprint9b@samsung.com,Female,42.227.193.104
337,Deny,Shefton,dshefton9c@slashdot.org,Female,224.82.146.209
338,Westleigh,Scates,wscates9d@youku.com,Male,94.185.44.239
339,Chrissie,McGurk,cmcgurk9e@huffingtonpost.com,Male,0.241.172.66
340,Stevie,Mapother,smapother9f@goodreads.com,Male,155.96.103.122
341,Derward,Staziker,dstaziker9g@networkadvertising.org,Male,159.119.50.170
342,Davis,Poulson,dpoulson9h@fotki.com,Male,245.76.104.221
343,Cristionna,Haynes,chaynes9i@nydailynews.com,Female,134.114.217.93
344,Grenville,Gatman,ggatman9j@kickstarter.com,Male,169.223.193.188
345,Tessy,Biskupski,tbiskupski9k@phpbb.com,Female,47.193.218.71
346,Vassili,Gomar,vgomar9l@uiuc.edu,Male,70.131.87.92
347,Belinda,Mallabon,bmallabon9m@mtv.com,Female,51.78.0.115
348,Fernanda,Bartol,fbartol9n@sciencedirect.com,Female,183.171.50.123
349,Ruggiero,Sturrock,rsturrock9o@alexa.com,Male,157.9.22.179
350,Jacob,Leaman,jleaman9p@abc.net.au,Male,155.124.115.237
351,Julina,Gane,jgane9q@oakley.com,Female,152.3.15.115
352,Odie,Mulvy,omulvy9r@accuweather.com,Male,211.255.221.24
353,Hatty,Pratt,hpratt9s@newsvine.com,Female,221.73.255.25
354,Dougie,Darragon,ddarragon9t@ezinearticles.com,Male,147.218.70.212
355,Catriona,Turneux,cturneux9u@cam.ac.uk,Female,63.201.150.159
356,Lorry,Boow,lboow9v@xrea.com,Male,185.223.204.176
357,Lizbeth,Kinastan,lkinastan9w@time.com,Female,76.205.23.148
358,Markos,Weekley,mweekley9x@sciencedaily.com,Male,63.69.21.197
359,Robenia,Morgan,rmorgan9y@ask.com,Female,159.120.162.96
360,Dennie,Loyndon,dloyndon9z@clickbank.net,Male,191.54.174.100
361,Lucretia,Longthorne,llongthornea0@twitpic.com,Female,175.170.213.232
362,Alric,Zanolli,azanollia1@marketwatch.com,Male,248.141.48.174
363,Florian,Offener,foffenera2@dyndns.org,Male,233.115.190.86
364,Tani,Straffon,tstraffona3@pcworld.com,Female,246.138.211.192
365,Lonnie,Guillon,lguillona4@telegraph.co.uk,Male,81.228.127.247
366,Margareta,Rickard,mrickarda5@e-recht24.de,Female,75.143.135.176
367,Ivonne,Aplin,iaplina6@jigsy.com,Female,51.114.235.93
368,Nydia,Helliar,nhelliara7@wired.com,Female,33.232.8.36
369,Norman,Ninnis,nninnisa8@sourceforge.net,Polygender,74.248.54.202
370,Wilmar,Lindenstrauss,wlindenstraussa9@reddit.com,Male,236.194.110.163
371,Nelly,Spilsburie,nspilsburieaa@sciencedirect.com,Female,4.78.210.249
372,Lola,Pren,lprenab@com.com,Female,9.58.251.77
373,Lea,Newns,lnewnsac@salon.com,Female,31.59.194.228
374,Ambros,Merriott,amerriottad@stanford.edu,Male,26.122.1.2
375,Letisha,O'Hannay,lohannayae@imageshack.us,Female,161.238.33.162
376,Aggie,Birks,abirksaf@vistaprint.com,Female,86.141.144.204
377,Powell,Bavester,pbavesterag@ow.ly,Male,195.93.107.155
378,Smith,Haysman,shaysmanah@archive.org,Male,97.43.183.183
379,Drona,Dawber,ddawberai@about.me,Female,57.63.25.102
380,Jan,Mowatt,jmowattaj@stanford.edu,Male,218.242.138.146
381,Nichols,Eason,neasonak@bloomberg.com,Male,105.76.0.241
382,Karen,Pharo,kpharoal@yahoo.com,Non-binary,159.35.198.54
383,Bekki,Andrieux,bandrieuxam@bing.com,Female,123.217.116.162
384,Jada,Stother,jstotheran@wufoo.com,Female,38.6.14.18
385,Levin,Scanlan,lscanlanao@google.it,Male,53.236.108.245
386,Leupold,Keford,lkefordap@columbia.edu,Male,166.35.183.247
387,Chrysler,Haselhurst,chaselhurstaq@angelfire.com,Female,189.11.252.60
388,Wyatan,Alexsandrov,walexsandrovar@mayoclinic.com,Male,147.234.107.251
389,Zeb,Thorlby,zthorlbyas@hugedomains.com,Male,241.151.24.224
390,Ruthe,Westwick,rwestwickat@moonfruit.com,Female,10.84.181.101
391,Alameda,Cocher,acocherau@wufoo.com,Female,225.254.47.135
392,Cassius,Goodrick,cgoodrickav@reuters.com,Male,249.124.66.127
393,Hedwig,Finlayson,hfinlaysonaw@webs.com,Female,181.193.199.103
394,Elayne,Eddins,eeddinsax@ustream.tv,Female,136.164.44.254
395,Isaac,Hefford,ihefforday@github.io,Male,109.84.15.212
396,Lissi,Skyme,lskymeaz@examiner.com,Bigender,40.82.200.208
397,Duky,Porcher,dporcherb0@odnoklassniki.ru,Male,241.120.145.104
398,Waring,Wigsell,wwigsellb1@wikimedia.org,Male,65.17.200.209
399,Emanuele,Ledes,eledesb2@biglobe.ne.jp,Male,194.172.128.236
400,Corliss,Sarchwell,csarchwellb3@ehow.com,Bigender,205.25.63.71
401,Eran,Tetlow,etetlowb4@wsj.com,Female,23.101.142.69
402,Bradney,Gauchier,bgauchierb5@hc360.com,Male,112.158.103.182
403,Shaylah,Lozano,slozanob6@artisteer.com,Female,202.23.111.49
404,Claudie,Baudou,cbaudoub7@ow.ly,Female,0.108.228.210
405,Evin,Tivenan,etivenanb8@nba.com,Male,76.124.196.132
406,Lorant,Incogna,lincognab9@ucla.edu,Male,207.14.199.24
407,Jacki,Gulvin,jgulvinba@sourceforge.net,Female,180.115.194.198
408,Scarlett,Seel,sseelbb@issuu.com,Female,212.251.29.77
409,Markus,Kubalek,mkubalekbc@linkedin.com,Male,251.0.77.23
410,Rockie,Dockree,rdockreebd@yolasite.com,Male,11.113.189.173
411,Fred,Vedekhin,fvedekhinbe@issuu.com,Female,15.177.32.142
412,Lancelot,Shambrooke,lshambrookebf@ucoz.com,Male,134.26.134.148
413,Jana,Totaro,jtotarobg@tinyurl.com,Female,150.28.57.141
414,Willette,Noto,wnotobh@angelfire.com,Female,240.118.7.46
415,Lukas,Grandisson,lgrandissonbi@1688.com,Male,110.30.112.127
416,Olin,Caldaro,ocaldarobj@vimeo.com,Male,0.60.224.7
417,Virginie,Guyonneau,vguyonneaubk@hao123.com,Female,28.132.211.116
418,Doug,Kolis,dkolisbl@adobe.com,Male,178.254.248.227
419,Alys,Monini,amoninibm@theguardian.com,Female,210.63.145.244
420,Averell,Enoksson,aenokssonbn@china.com.cn,Bigender,199.43.133.57
421,Ralph,Willgoose,rwillgoosebo@ifeng.com,Male,80.11.49.187
422,Haydon,Winchcum,hwinchcumbp@yelp.com,Male,184.186.240.190
423,Nessi,Merman,nmermanbq@exblog.jp,Female,145.114.146.106
424,Lexie,Hampstead,lhampsteadbr@dagondesign.com,Female,144.84.244.37
425,Wheeler,Stollwerk,wstollwerkbs@miibeian.gov.cn,Male,37.156.27.202
426,Arne,Callar,acallarbt@cyberchimps.com,Male,88.145.124.187
427,Chaddy,Lapwood,clapwoodbu@de.vu,Male,36.217.148.39
428,Pauline,Kenningham,pkenninghambv@studiopress.com,Genderfluid,42.220.174.221
429,Celestina,Maciejewski,cmaciejewskibw@dmoz.org,Female,11.21.4.165
430,Carline,Bucklee,cbuckleebx@theglobeandmail.com,Female,25.219.117.139
431,Eben,Plumley,eplumleyby@feedburner.com,Bigender,27.186.122.104
432,Teodoor,Brasseur,tbrasseurbz@shutterfly.com,Male,116.108.136.212
433,Shanta,Macrow,smacrowc0@plala.or.jp,Female,83.101.66.221
434,Wrennie,Brumfield,wbrumfieldc1@seattletimes.com,Female,221.58.42.251
435,Julian,Fero,jferoc2@si.edu,Male,93.231.211.144
436,Sutherland,Bondley,sbondleyc3@histats.com,Male,62.106.34.190
437,Petey,Rootham,proothamc4@google.com,Male,137.85.28.242
438,Carmella,Blakebrough,cblakebroughc5@bizjournals.com,Female,206.193.216.22
439,Giordano,Ivankin,givankinc6@google.com.au,Male,43.213.115.194
440,Magda,Varrow,mvarrowc7@virginia.edu,Female,220.235.84.234
441,Ava,Faircliff,afaircliffc8@ibm.com,Female,203.86.35.74
442,Loise,Methuen,lmethuenc9@cmu.edu,Genderqueer,132.121.50.103
443,Mady,Hick,mhickca@boston.com,Female,214.214.168.109
444,Reinhard,Yousef,ryousefcb@hibu.com,Male,160.206.249.237
445,Gloriana,Seville,gsevillecc@google.com.hk,Female,111.47.148.223
446,Terry,Mathivat,tmathivatcd@ovh.net,Female,201.230.58.236
447,Dulcy,Dealey,ddealeyce@chronoengine.com,Female,218.180.12.152
448,Berton,Maasze,bmaaszecf@blog.com,Male,19.107.251.177
449,Gasparo,O'Scollee,goscolleecg@time.com,Male,5.200.179.188
450,Brandea,McDavitt,bmcdavittch@chron.com,Female,0.122.56.9
451,Sabina,Canwell,scanwellci@cnbc.com,Female,100.243.77.134
452,Fax,Harlow,fharlowcj@themeforest.net,Male,93.69.162.177
453,Carla,Grassick,cgrassickck@github.io,Female,91.29.70.67
454,Ty,Twaite,ttwaitecl@weibo.com,Male,81.207.218.115
455,Hurleigh,Mattock,hmattockcm@pagesperso-orange.fr,Male,230.98.24.75
456,Tabbie,Glading,tgladingcn@newsvine.com,Male,42.124.32.149
457,Kelley,Beccles,kbecclesco@dagondesign.com,Male,194.161.33.243
458,Julissa,Rodmell,jrodmellcp@cmu.edu,Female,139.6.4.100
459,Martynne,Allenby,mallenbycq@flickr.com,Female,32.229.82.228
460,Carolan,Brilleman,cbrillemancr@businessweek.com,Non-binary,76.211.224.58
461,Palm,O'Dare,podarecs@paypal.com,Male,122.66.205.97
462,Ortensia,Kimberley,okimberleyct@zdnet.com,Female,19.7.132.225
463,Remus,Feldhammer,rfeldhammercu@reference.com,Male,213.120.104.147
464,Mace,Propper,mproppercv@imgur.com,Male,46.149.250.105
465,Dedra,De Courtney,ddecourtneycw@latimes.com,Female,206.120.32.152
466,Stirling,Blayney,sblayneycx@sfgate.com,Male,111.15.73.12
467,Gallagher,Dugmore,gdugmorecy@ask.com,Male,239.161.244.176
468,Elbertine,Jeff,ejeffcz@microsoft.com,Female,200.220.158.37
469,Cara,Stuffins,cstuffinsd0@google.com,Female,80.216.181.103
470,Kate,Braycotton,kbraycottond1@nytimes.com,Genderqueer,221.241.201.2
471,Kristo,Kos,kkosd2@independent.co.uk,Male,102.172.142.7
472,Yale,Pashler,ypashlerd3@vk.com,Bigender,117.114.108.239
473,Lombard,Balk,lbalkd4@elpais.com,Male,59.147.179.173
474,Mata,Killner,mkillnerd5@zimbio.com,Male,164.74.229.23
475,Mirna,Seiller,mseillerd6@hc360.com,Female,26.194.240.6
476,Nelly,Humpage,nhumpaged7@auda.org.au,Female,212.142.70.76
477,Gothart,Keep,gkeepd8@behance.net,Male,50.39.157.3
478,Alexandro,Yea,ayead9@europa.eu,Male,134.165.113.130
479,Blinnie,Dohmann,bdohmannda@chicagotribune.com,Female,246.153.32.212
480,Craig,Schwandner,cschwandnerdb@simplemachines.org,Male,80.128.9.182
481,Findlay,Peakman,fpeakmandc@diigo.com,Male,199.67.75.34
482,Nina,Biaggetti,nbiaggettidd@mozilla.com,Female,37.157.239.177
483,Amy,Rookes,arookesde@shutterfly.com,Genderqueer,56.46.220.132
484,Marita,Davisson,mdavissondf@tiny.cc,Female,89.162.8.186
485,Zachery,Beneze,zbenezedg@google.es,Male,74.48.172.177
486,Kirk,Dodgshun,kdodgshundh@dailymotion.com,Male,209.255.95.200
487,Margarette,Currall,mcurralldi@smh.com.au,Female,244.51.178.192
488,Grata,Gwioneth,ggwionethdj@devhub.com,Female,225.217.134.197
489,Jenny,Stourton,jstourtondk@vimeo.com,Female,75.165.123.58
490,Miof mela,Duke,mdukedl@linkedin.com,Female,209.18.68.226
491,Avram,Matei,amateidm@yelp.com,Male,185.132.90.97
492,Belinda,Patullo,bpatullodn@eepurl.com,Female,196.208.69.53
493,Petunia,Fysh,pfyshdo@macromedia.com,Bigender,85.101.206.175
494,Gabby,Cock,gcockdp@who.int,Male,199.8.219.98
495,Sauncho,Bonifant,sbonifantdq@godaddy.com,Male,42.222.59.221
496,Brucie,Scad,bscaddr@slashdot.org,Male,99.94.152.210
497,Chryste,Crutch,ccrutchds@psu.edu,Female,68.214.235.110
498,Ilaire,Dominy,idominydt@ed.gov,Male,157.85.147.229
499,Adriana,Sympson,asympsondu@skype.com,Female,128.13.135.32
500,Godfree,Leachman,gleachmandv@cpanel.net,Bigender,174.250.18.80
501,Germayne,Linster,glinsterdw@umn.edu,Male,57.141.253.143
502,Melvyn,Coules,mcoulesdx@free.fr,Male,59.68.32.39
503,Madelena,Steagall,msteagalldy@usgs.gov,Female,58.63.230.213
504,Dunc,Briddock,dbriddockdz@quantcast.com,Male,175.235.45.63
505,Clare,MacGinney,cmacginneye0@opera.com,Female,126.10.245.192
506,Hale,Glasbey,hglasbeye1@google.co.uk,Male,253.133.82.100
507,Jo ann,Stennings,jstenningse2@admin.ch,Female,160.155.249.233
508,Normie,Shute,nshutee3@hatena.ne.jp,Male,27.244.107.217
509,Petey,Rosenstengel,prosenstengele4@nydailynews.com,Male,126.9.118.183
510,Licha,Fragino,lfraginoe5@exblog.jp,Female,68.130.27.8
511,Gideon,Fursey,gfurseye6@jimdo.com,Male,20.183.155.144
512,Perri,Poynton,ppoyntone7@intel.com,Female,152.155.7.130
513,Artemus,McFfaden,amcffadene8@yelp.com,Male,73.99.53.0
514,Nester,Gerold,ngerolde9@devhub.com,Male,9.141.114.229
515,Ardelia,Thomazin,athomazinea@alibaba.com,Female,154.65.202.188
516,Oralle,Graben,ograbeneb@squarespace.com,Female,154.99.119.221
517,Nara,Jouhandeau,njouhandeauec@mit.edu,Bigender,117.112.197.136
518,Nobe,Whiteside,nwhitesideed@istockphoto.com,Male,144.78.176.129
519,Shannah,Hattiff,shattiffee@4shared.com,Female,204.247.123.3
520,Vikki,Sor,vsoref@seattletimes.com,Female,122.19.104.87
521,Tedi,Kimpton,tkimptoneg@toplist.cz,Female,38.3.192.128
522,Marguerite,Burnhard,mburnhardeh@ox.ac.uk,Female,144.80.62.197
523,Bambie,Bendley,bbendleyei@paypal.com,Female,18.190.231.108
524,Mattheus,Shyres,mshyresej@furl.net,Male,158.155.128.108
525,Roobbie,Brellin,rbrellinek@statcounter.com,Female,185.249.138.139
526,Kristofer,Yoodall,kyoodallel@geocities.com,Male,86.195.76.183
527,Lydie,Cheshire,lcheshireem@howstuffworks.com,Female,38.207.133.118
528,Lothario,Westpfel,lwestpfelen@hexun.com,Male,127.108.4.49
529,Pyotr,Lascell,plascelleo@toplist.cz,Polygender,118.9.251.91
530,Dominick,Greenhowe,dgreenhoweep@state.tx.us,Male,64.149.58.190
531,Vivianne,Crossdale,vcrossdaleeq@tumblr.com,Female,168.165.156.66
532,Holt,Fullbrook,hfullbrooker@intel.com,Male,209.73.31.183
533,Othilia,Dener,odeneres@tinyurl.com,Genderfluid,144.32.224.212
534,Lee,Dochon,ldochonet@cnn.com,Female,78.120.58.34
535,Izak,Skippings,iskippingseu@baidu.com,Male,77.113.184.221
536,Jarrod,Kemetz,jkemetzev@netlog.com,Male,21.205.42.29
537,Neille,Jessel,njesselew@posterous.com,Female,236.158.112.55
538,Arni,Trathen,atrathenex@bloomberg.com,Male,244.79.46.227
539,Gabrila,Havers,ghaversey@shutterfly.com,Female,146.138.237.3
540,Alverta,Beamson,abeamsonez@last.fm,Female,68.236.157.209
541,Zack,Bernardoux,zbernardouxf0@booking.com,Male,178.20.161.206
542,Torrin,Hasney,thasneyf1@163.com,Male,44.162.0.50
543,Darda,Blasetti,dblasettif2@ox.ac.uk,Female,59.56.40.22
544,Yehudit,Burdass,yburdassf3@biblegateway.com,Male,33.50.239.139
545,Rubie,Lawtey,rlawteyf4@yahoo.com,Female,247.198.94.158
546,Allx,Dainton,adaintonf5@furl.net,Female,83.46.243.21
547,Debra,Accomb,daccombf6@gov.uk,Female,183.170.92.154
548,Mario,Archley,marchleyf7@chronoengine.com,Male,5.240.242.80
549,Wallie,Goublier,wgoublierf8@xrea.com,Male,198.214.55.117
550,Cob,Endersby,cendersbyf9@bigcartel.com,Male,82.12.60.39
551,Cornelia,Dayer,cdayerfa@uiuc.edu,Female,58.109.146.123
552,Boycie,Dart,bdartfb@trellian.com,Male,167.79.98.111
553,Sue,Jurek,sjurekfc@tmall.com,Female,219.189.201.216
554,Ranique,Oakwood,roakwoodfd@cbc.ca,Female,211.101.109.133
555,Panchito,Pantecost,ppantecostfe@weebly.com,Male,254.228.212.234
556,Aline,Barthrop,abarthropff@dmoz.org,Female,135.104.103.148
557,Janet,Dunbleton,jdunbletonfg@baidu.com,Female,155.9.146.97
558,Shanta,Drakeford,sdrakefordfh@umich.edu,Female,221.180.21.76
559,Bradan,Overlow,boverlowfi@sun.com,Non-binary,87.22.223.55
560,Janet,Worsalls,jworsallsfj@twitpic.com,Genderfluid,205.38.84.93
561,Fredrick,Bullion,fbullionfk@istockphoto.com,Male,25.151.163.65
562,Katinka,Thorns,kthornsfl@thetimes.co.uk,Female,251.30.117.212
563,Cindie,Durram,cdurramfm@artisteer.com,Female,54.250.149.253
564,Consalve,Rigate,crigatefn@usnews.com,Male,198.175.62.75
565,Constance,Gillebride,cgillebridefo@tripod.com,Female,31.71.87.75
566,Court,Connechie,cconnechiefp@reverbnation.com,Male,145.105.92.96
567,Randy,Yann,ryannfq@bbb.org,Non-binary,162.170.169.176
568,Diane-marie,Craigmile,dcraigmilefr@admin.ch,Female,194.81.60.98
569,Carmel,Daugherty,cdaughertyfs@printfriendly.com,Female,212.32.31.82
570,Charmaine,Ledingham,cledinghamft@nationalgeographic.com,Female,148.238.25.207
571,Byram,Scamerden,bscamerdenfu@creativecommons.org,Male,99.121.233.195
572,Courtenay,Tarbath,ctarbathfv@vinaora.com,Female,97.45.144.118
573,Hugues,Cure,hcurefw@newyorker.com,Male,226.252.87.253
574,Karrah,Gilbart,kgilbartfx@miitbeian.gov.cn,Female,253.106.13.43
575,Ad,Row,arowfy@go.com,Male,168.159.170.81
576,Hilda,Oleksinski,holeksinskifz@accuweather.com,Female,176.20.18.179
577,Annemarie,Rumming,arummingg0@blogtalkradio.com,Female,151.217.217.73
578,Vikky,Kochel,vkochelg1@blog.com,Genderfluid,222.104.157.236
579,Ally,Thick,athickg2@mail.ru,Female,183.224.58.28
580,Shani,Etuck,setuckg3@wix.com,Female,202.220.63.22
581,Benny,Snoddon,bsnoddong4@yale.edu,Male,230.236.96.141
582,Pamelina,Kennett,pkennettg5@flavors.me,Female,44.0.89.215
583,Christos,Candelin,ccandeling6@illinois.edu,Male,121.81.179.78
584,Ron,Aldie,raldieg7@goodreads.com,Male,0.26.19.69
585,Deborah,Moulsdall,dmoulsdallg8@vk.com,Female,254.47.63.4
586,Uriel,Rymill,urymillg9@springer.com,Male,134.20.92.240
587,Gretchen,Murrigan,gmurriganga@yale.edu,Female,118.175.23.45
588,Worden,Tschursch,wtschurschgb@state.gov,Male,57.151.82.200
589,Wynny,Ciottoi,wciottoigc@cnbc.com,Female,244.165.171.122
590,Danielle,Torns,dtornsgd@last.fm,Female,127.162.148.203
591,Wenona,Latty,wlattyge@sogou.com,Non-binary,60.153.117.209
592,Alic,Ransom,aransomgf@cbsnews.com,Male,197.250.208.62
593,Vernice,Hildred,vhildredgg@auda.org.au,Female,182.27.203.72
594,Sadella,Calway,scalwaygh@histats.com,Female,72.12.191.129
595,Barron,Prahl,bprahlgi@google.com,Male,219.129.2.114
596,Merissa,O'Hare,moharegj@umich.edu,Female,97.208.112.97
597,Henri,Stillwell,hstillwellgk@reuters.com,Male,208.113.78.116
598,Enrika,Bremner,ebremnergl@bluehost.com,Polygender,234.36.80.165
599,Early,Hearst,ehearstgm@tamu.edu,Male,41.51.240.48
600,Happy,Durrant,hdurrantgn@nhs.uk,Female,163.58.219.6
601,Angel,Scown,ascowngo@netvibes.com,Male,59.251.8.33
602,Brendin,Antram,bantramgp@technorati.com,Male,63.226.54.8
603,Sheffy,Nertney,snertneygq@amazon.co.uk,Male,56.83.85.208
604,Sarge,Hawkyens,shawkyensgr@privacy.gov.au,Male,126.177.43.26
605,Vassili,Baglin,vbaglings@pbs.org,Male,229.111.254.187
606,Julie,Lowdiane,jlowdianegt@epa.gov,Female,218.135.70.103
607,Jaymee,Skitterel,jskitterelgu@unesco.org,Female,153.254.69.30
608,Emery,Sussams,esussamsgv@ihg.com,Male,117.73.170.241
609,Gilberte,Bestwick,gbestwickgw@istockphoto.com,Female,27.17.246.31
610,Moses,Oels,moelsgx@tripod.com,Male,226.89.227.245
611,Baryram,Pickin,bpickingy@ox.ac.uk,Male,218.111.43.197
612,Tersina,Pook,tpookgz@yandex.ru,Female,181.243.59.45
613,Gris,Remmer,gremmerh0@devhub.com,Male,173.223.137.32
614,Esmeralda,Caldero,ecalderoh1@foxnews.com,Genderfluid,96.133.59.218
615,Fern,Hughland,fhughlandh2@hexun.com,Female,201.156.89.48
616,Huberto,Crowdson,hcrowdsonh3@cbc.ca,Male,81.67.40.136
617,Baldwin,McElree,bmcelreeh4@zimbio.com,Genderqueer,119.73.23.114
618,Issi,Lorkins,ilorkinsh5@goo.ne.jp,Female,139.45.170.106
619,Ly,Trubshawe,ltrubshaweh6@lulu.com,Male,241.149.245.56
620,Ivan,Wannop,iwannoph7@xinhuanet.com,Male,248.39.238.124
621,Candra,Cardenosa,ccardenosah8@example.com,Polygender,173.103.112.94
622,Barbe,Fairey,bfaireyh9@fema.gov,Female,160.199.221.235
623,Brendon,Pechard,bpechardha@opensource.org,Male,65.59.142.148
624,Urson,McOrkil,umcorkilhb@xing.com,Male,18.75.143.65
625,Barry,Rhyme,brhymehc@twitpic.com,Female,163.225.99.40
626,Harris,Sawkin,hsawkinhd@comcast.net,Male,221.193.141.201
627,Paten,Reames,preameshe@wunderground.com,Male,154.113.146.81
628,Renie,Benaine,rbenainehf@rakuten.co.jp,Female,88.135.177.108
629,Maximilien,Harbor,mharborhg@hc360.com,Male,19.106.68.122
630,Etty,Masdin,emasdinhh@reddit.com,Female,127.255.243.93
631,Eal,Ropp,eropphi@prnewswire.com,Male,64.145.165.96
632,Phillipe,Casaccia,pcasacciahj@dyndns.org,Male,226.103.166.134
633,Johnnie,Mitchelson,jmitchelsonhk@springer.com,Male,187.240.224.187
634,Tonia,Aleksashin,taleksashinhl@blogspot.com,Female,230.78.44.196
635,Leann,Simpkin,lsimpkinhm@disqus.com,Female,53.75.153.237
636,Virgina,Spreull,vspreullhn@businessinsider.com,Female,134.124.160.200
637,Werner,Dutch,wdutchho@pagesperso-orange.fr,Male,142.205.162.168
638,Rem,Wank,rwankhp@diigo.com,Male,41.101.67.47
639,Sheridan,Cooke,scookehq@walmart.com,Male,23.233.152.248
640,Earle,Burgin,eburginhr@edublogs.org,Male,33.122.88.95
641,Weidar,McGeown,wmcgeownhs@adobe.com,Male,157.191.86.75
642,Mose,Eaglesham,meagleshamht@tinyurl.com,Male,32.5.27.189
643,Gisella,Sivyer,gsivyerhu@addtoany.com,Female,92.255.67.45
644,Talya,Itzak,titzakhv@admin.ch,Female,145.99.21.5
645,Nancey,Walak,nwalakhw@umich.edu,Female,241.130.173.15
646,Sydney,Yousef,syousefhx@hud.gov,Male,173.127.161.155
647,Rockey,Le Teve,rletevehy@artisteer.com,Male,101.99.141.29
648,Poul,Friday,pfridayhz@cbc.ca,Male,50.86.127.154
649,Christiana,Mewburn,cmewburni0@twitpic.com,Female,208.202.124.255
650,Neill,Durdy,ndurdyi1@rediff.com,Male,163.128.218.86
651,Reggis,Ebenezer,rebenezeri2@toplist.cz,Male,200.249.0.152
652,Hastie,Konzelmann,hkonzelmanni3@xing.com,Non-binary,29.50.58.17
653,Augustine,Skechley,askechleyi4@squidoo.com,Male,180.206.25.38
654,Sheffield,Vowell,svowelli5@t-online.de,Male,51.17.103.39
655,Matthieu,Frood,mfroodi6@discovery.com,Male,59.17.46.42
656,Benson,Husby,bhusbyi7@ucoz.com,Male,98.145.178.10
657,Casey,Maron,cmaroni8@ed.gov,Male,202.131.97.200
658,Aaren,Hartridge,ahartridgei9@mysql.com,Female,182.164.101.3
659,Adler,Morshead,amorsheadia@fda.gov,Male,55.82.47.206
660,Farrah,Rawdall,frawdallib@hibu.com,Female,118.104.161.151
661,Alfonso,Stanfield,astanfieldic@amazon.com,Male,65.141.190.116
662,Jacquelin,Greatex,jgreatexid@zdnet.com,Female,216.251.33.110
663,Juli,Hawkey,jhawkeyie@digg.com,Female,185.149.167.69
664,Hayley,Del Checolo,hdelchecoloif@sfgate.com,Female,150.99.123.4
665,Henry,Magowan,hmagowanig@purevolume.com,Male,184.107.43.125
666,Holly-anne,Binks,hbinksih@ow.ly,Female,82.122.213.191
667,Dimitry,Milnthorpe,dmilnthorpeii@ask.com,Male,214.195.82.171
668,Marven,Lilian,mlilianij@moonfruit.com,Male,158.179.167.212
669,Finn,Beeble,fbeebleik@un.org,Male,44.210.233.84
670,Hermione,Rutledge,hrutledgeil@dropbox.com,Genderqueer,162.171.103.25
671,Elmore,Walliker,ewallikerim@ezinearticles.com,Male,13.139.45.54
672,Olivier,Ainsbury,oainsburyin@yellowbook.com,Male,189.159.146.92
673,Vivyanne,Abrahamsen,vabrahamsenio@princeton.edu,Female,102.84.159.254
674,Carson,Abel,cabelip@nyu.edu,Male,234.205.184.231
675,Adolphe,Keepe,akeepeiq@wikia.com,Male,75.69.9.202
676,Phebe,Smidmore,psmidmoreir@ocn.ne.jp,Genderqueer,202.171.121.207
677,Liesa,Rolls,lrollsis@stanford.edu,Female,118.68.49.71
678,Calhoun,Sciacovelli,csciacovelliit@imdb.com,Male,144.113.232.170
679,Delano,Jurgen,djurgeniu@google.it,Male,140.128.130.224
680,Jase,Speeks,jspeeksiv@wufoo.com,Male,69.68.124.122
681,Timmie,Collings,tcollingsiw@narod.ru,Male,245.51.174.253
682,Ida,Tarrant,itarrantix@pbs.org,Genderqueer,148.23.235.214
683,Waylon,Templar,wtemplariy@geocities.jp,Male,126.37.221.141
684,Reid,Dorian,rdorianiz@people.com.cn,Genderfluid,138.211.175.31
685,Abel,Sherrock,asherrockj0@youtube.com,Male,108.168.255.44
686,Sigismondo,Feeham,sfeehamj1@cbc.ca,Male,239.14.89.23
687,Brnaby,Kobierzycki,bkobierzyckij2@weibo.com,Male,150.3.79.122
688,Kath,Sapsford,ksapsfordj3@macromedia.com,Female,72.208.147.75
689,Kriste,Blunn,kblunnj4@salon.com,Female,224.103.123.168
690,Faye,Scrimgeour,fscrimgeourj5@state.gov,Female,210.92.174.251
691,Cornelius,Banger,cbangerj6@abc.net.au,Male,246.239.78.206
692,Wendell,McQuilkin,wmcquilkinj7@fastcompany.com,Male,216.154.218.255
693,Daron,Ferrant,dferrantj8@google.ru,Female,114.70.248.240
694,Alida,Petrello,apetrelloj9@ucsd.edu,Genderfluid,178.243.196.54
695,Marchelle,O'Drought,modroughtja@a8.net,Female,123.12.184.241
696,Mehetabel,Ruos,mruosjb@about.com,Non-binary,93.50.121.47
697,Lena,O'Carroll,locarrolljc@mayoclinic.com,Female,105.75.5.243
698,Carri,Dulake,cdulakejd@behance.net,Female,254.108.116.106
699,Alick,Raysdale,araysdaleje@weather.com,Male,94.167.234.104
700,Euell,Bruce,ebrucejf@scribd.com,Male,229.187.117.56
701,Bourke,Hardwin,bhardwinjg@redcross.org,Male,47.183.244.3
702,Roosevelt,Juliano,rjulianojh@wordpress.com,Agender,26.239.34.81
703,Care,Gowanson,cgowansonji@fastcompany.com,Male,175.30.35.30
704,Nanny,Thandi,nthandijj@google.pl,Female,13.100.30.85
705,Ermanno,Pickton,epicktonjk@epa.gov,Male,250.125.107.233
706,Winfred,Willavoys,wwillavoysjl@cloudflare.com,Male,107.83.85.245
707,Stewart,Arnoll,sarnolljm@wsj.com,Male,255.206.109.253
708,Nicolette,Maffi,nmaffijn@google.com.br,Genderqueer,249.38.153.170
709,Lorrie,Hatherley,lhatherleyjo@prlog.org,Female,163.83.195.31
710,Marve,Gocher,mgocherjp@comsenz.com,Male,138.251.13.191
711,Ketty,Mateos,kmateosjq@wikispaces.com,Genderfluid,49.185.204.111
712,Irwin,Radoux,iradouxjr@gov.uk,Male,248.194.91.154
713,Krisha,Smalridge,ksmalridgejs@gravatar.com,Male,204.170.142.84
714,Itch,Vigurs,ivigursjt@furl.net,Male,70.0.230.226
715,Anastasia,Cancelier,acancelierju@newsvine.com,Female,96.159.8.221
716,Brice,Spens,bspensjv@infoseek.co.jp,Male,153.96.250.45
717,Rubin,Thwaite,rthwaitejw@homestead.com,Male,82.230.216.116
718,Lyndsie,Frank,lfrankjx@ted.com,Female,244.211.206.4
719,Leilah,Pheby,lphebyjy@deviantart.com,Female,223.31.62.230
720,Kaspar,Sayre,ksayrejz@jiathis.com,Male,81.193.116.57
721,Herrick,Grieger,hgriegerk0@sohu.com,Male,167.148.229.155
722,Pietrek,Leet,pleetk1@nba.com,Male,228.124.156.184
723,Shae,Cristobal,scristobalk2@admin.ch,Bigender,200.180.47.170
724,Lina,Gerritzen,lgerritzenk3@hud.gov,Female,143.129.124.161
725,Joyous,Undy,jundyk4@zdnet.com,Female,202.16.197.83
726,Eleni,Stoner,estonerk5@sbwire.com,Female,105.83.79.86
727,Jessi,McGiveen,jmcgiveenk6@alibaba.com,Female,130.183.184.200
728,Brittany,Heining,bheiningk7@latimes.com,Female,203.211.77.98
729,Mohandas,Barreau,mbarreauk8@discuz.net,Male,121.109.54.181
730,Chan,Dallon,cdallonk9@wordpress.org,Male,236.12.176.206
731,Orville,Tunuy,otunuyka@ft.com,Agender,58.8.106.21
732,Adria,Dansie,adansiekb@si.edu,Bigender,205.152.120.117
733,Desmond,Louder,dlouderkc@booking.com,Male,164.217.149.38
734,Augustina,Danter,adanterkd@live.com,Female,166.69.155.51
735,Corilla,Janisson,cjanissonke@squidoo.com,Female,5.139.236.50
736,Giacobo,Hars,gharskf@ovh.net,Male,30.215.149.218
737,Garfield,Hissett,ghissettkg@blogs.com,Male,200.253.146.40
738,Al,Riglesford,ariglesfordkh@tinyurl.com,Male,104.223.119.240
739,Winn,Solomonides,wsolomonideski@canalblog.com,Male,61.144.39.42
740,Ki,Lemmens,klemmenskj@hatena.ne.jp,Female,148.55.107.15
741,Otto,Kemson,okemsonkk@webmd.com,Male,182.151.46.56
742,Chrysler,Grundey,cgrundeykl@bigcartel.com,Female,237.37.107.168
743,Jemimah,Cohalan,jcohalankm@feedburner.com,Female,237.172.209.51
744,Phillipe,Pickersail,ppickersailkn@ebay.com,Male,202.160.106.161
745,Donavon,Bimrose,dbimroseko@craigslist.org,Male,213.84.149.138
746,Reece,Beche,rbechekp@harvard.edu,Male,50.6.156.128
747,Isacco,Edward,iedwardkq@flickr.com,Male,12.82.189.255
748,Claybourne,Goodsell,cgoodsellkr@ustream.tv,Male,134.179.122.242
749,Todd,Proudman,tproudmanks@meetup.com,Male,9.130.102.115
750,Gloria,Ventom,gventomkt@unblog.fr,Female,4.185.197.77
751,Rafferty,Alps,ralpsku@php.net,Male,78.225.120.111
752,Benedikt,Ramsby,bramsbykv@dropbox.com,Male,79.55.217.173
753,Shayne,Shalloe,sshalloekw@boston.com,Female,214.51.223.211
754,Jarvis,Skoof,jskoofkx@nsw.gov.au,Male,133.139.89.128
755,Gonzales,Eggar,geggarky@imdb.com,Male,141.123.135.71
756,Max,Commucci,mcommuccikz@over-blog.com,Male,216.167.23.240
757,Selma,Innman,sinnmanl0@goo.ne.jp,Female,208.241.139.102
758,Harlan,Player,hplayerl1@dmoz.org,Male,197.131.204.171
759,Carroll,Opy,copyl2@webmd.com,Female,30.162.253.221
760,Vania,De La Salle,vdelasallel3@techcrunch.com,Female,110.115.33.80
761,Farrand,Tournie,ftourniel4@github.io,Female,202.42.53.90
762,Morgen,Hartmann,mhartmannl5@deviantart.com,Female,42.118.6.21
763,Mohandas,Franscioni,mfranscionil6@feedburner.com,Male,215.134.32.155
764,Lance,Stirrup,lstirrupl7@wisc.edu,Male,91.71.77.112
765,Rebe,Delamar,rdelamarl8@simplemachines.org,Female,115.83.180.61
766,Beatrice,Lovitt,blovittl9@umn.edu,Female,159.56.205.36
767,Base,Frantsev,bfrantsevla@live.com,Non-binary,0.84.42.186
768,Paul,Scampion,pscampionlb@taobao.com,Genderqueer,112.185.3.249
769,Eward,Racine,eracinelc@123-reg.co.uk,Male,162.113.167.217
770,Case,Panks,cpanksld@about.com,Male,247.14.244.151
771,Travis,Plackstone,tplackstonele@hp.com,Male,2.54.123.5
772,Molli,Heinicke,mheinickelf@thetimes.co.uk,Female,26.168.180.106
773,Prudence,Larmor,plarmorlg@spotify.com,Female,63.240.4.0
774,Vonny,Jagson,vjagsonlh@booking.com,Female,31.248.39.194
775,Nowell,Stetlye,nstetlyeli@cyberchimps.com,Male,149.133.205.124
776,Lesly,Widocks,lwidockslj@vk.com,Female,54.177.225.218
777,Silvester,Howe,showelk@linkedin.com,Male,36.85.245.139
778,Clementius,Mildmott,cmildmottll@google.com.au,Male,33.104.73.80
779,Issie,Truesdale,itruesdalelm@constantcontact.com,Female,42.85.182.123
780,Koenraad,McLanaghan,kmclanaghanln@ucoz.com,Male,161.95.193.61
781,Xymenes,Van Dijk,xvandijklo@ocn.ne.jp,Male,180.130.210.207
782,Livvy,Tilly,ltillylp@arizona.edu,Female,111.239.243.224
783,Cammy,Alessandretti,calessandrettilq@squarespace.com,Male,143.167.170.244
784,Jorie,Veldens,jveldenslr@networksolutions.com,Female,196.191.24.220
785,Cristie,Winslett,cwinslettls@reuters.com,Female,108.62.147.0
786,Natal,Shanahan,nshanahanlt@sciencedaily.com,Genderfluid,148.74.216.41
787,Pauletta,Pieche,ppiechelu@apple.com,Female,125.16.228.112
788,Arlina,Meakes,ameakeslv@state.gov,Bigender,28.79.239.28
789,Lenci,Chaundy,lchaundylw@topsy.com,Male,214.47.203.176
790,Kath,Menaul,kmenaullx@chicagotribune.com,Female,218.215.199.43
791,Hermia,Hammand,hhammandly@businessinsider.com,Female,60.64.225.5
792,Bruce,Whybrow,bwhybrowlz@yahoo.co.jp,Male,0.89.178.47
793,Ilsa,Aldhous,ialdhousm0@nyu.edu,Female,47.189.206.141
794,Ephrayim,Krzyzowski,ekrzyzowskim1@plala.or.jp,Male,158.159.31.178
795,Clair,Tolemache,ctolemachem2@yahoo.com,Female,132.33.29.34
796,Nikolas,Murtimer,nmurtimerm3@hc360.com,Male,56.209.95.167
797,Mort,Laurenz,mlaurenzm4@sciencedirect.com,Male,218.93.225.231
798,Milena,Steuhlmeyer,msteuhlmeyerm5@businessweek.com,Female,69.197.239.155
799,Lyndel,Cumberledge,lcumberledgem6@nyu.edu,Female,66.86.78.69
800,Lora,Iacovelli,liacovellim7@tmall.com,Genderqueer,131.0.90.90
801,Jamie,Palfreman,jpalfremanm8@examiner.com,Female,46.229.38.215
802,Ansell,Duggan,adugganm9@rambler.ru,Male,56.36.15.81
803,Hanny,Bolwell,hbolwellma@youku.com,Agender,193.5.246.106
804,Toddy,Melmoth,tmelmothmb@dagondesign.com,Male,124.25.7.229
805,Austin,Rewcastle,arewcastlemc@mac.com,Male,113.47.61.217
806,Lilia,de Verson,ldeversonmd@cbc.ca,Female,178.186.237.199
807,Hurlee,Salway,hsalwayme@desdev.cn,Male,214.144.49.136
808,Florette,Everiss,feverissmf@marketwatch.com,Bigender,28.159.36.89
809,Jammie,Sennett,jsennettmg@wp.com,Female,88.92.57.26
810,Raye,Shawyers,rshawyersmh@about.me,Female,27.144.15.33
811,Karita,Minero,kmineromi@latimes.com,Female,223.30.111.40
812,Hinze,Uccelli,huccellimj@utexas.edu,Male,146.218.165.39
813,Dael,Dary,ddarymk@bbc.co.uk,Male,139.2.7.115
814,Guglielmo,Nutbrown,gnutbrownml@ning.com,Male,170.171.145.152
815,Rhianna,Moorcraft,rmoorcraftmm@huffingtonpost.com,Female,203.204.6.29
816,Edward,Borrow,eborrowmn@mac.com,Male,4.39.113.162
817,Mohammed,Jocelyn,mjocelynmo@amazonaws.com,Male,67.247.202.106
818,Scarface,Veronique,sveroniquemp@unblog.fr,Male,166.220.140.144
819,Jaymee,Vittle,jvittlemq@washington.edu,Female,126.13.156.41
820,Marabel,Vondrys,mvondrysmr@go.com,Female,169.215.191.35
821,Fee,Jardein,fjardeinms@time.com,Male,86.250.235.21
822,Haroun,Turnell,hturnellmt@google.com.hk,Male,137.223.189.253
823,Leta,Record,lrecordmu@technorati.com,Female,40.119.113.147
824,Yasmin,Ditch,yditchmv@bbb.org,Female,110.118.16.202
825,Rochella,Millin,rmillinmw@spiegel.de,Bigender,209.195.214.9
826,Corella,Furmage,cfurmagemx@intel.com,Agender,8.94.193.235
827,Anselma,Fibbens,afibbensmy@dagondesign.com,Female,235.161.45.51
828,Briney,Sutcliffe,bsutcliffemz@360.cn,Female,66.121.84.8
829,Abram,Cree,acreen0@prweb.com,Male,166.237.249.231
830,Arleen,Gubbin,agubbinn1@earthlink.net,Female,186.4.111.132
831,Teirtza,Blakey,tblakeyn2@drupal.org,Female,1.47.194.186
832,Kaycee,Marmyon,kmarmyonn3@geocities.com,Non-binary,168.250.228.97
833,Basil,Easterbrook,beasterbrookn4@economist.com,Male,73.185.137.50
834,Sonnie,Lowings,slowingsn5@vistaprint.com,Male,241.84.154.19
835,Sylvester,Colliar,scolliarn6@gravatar.com,Genderqueer,150.165.26.9
836,Urbano,Chrisp,uchrispn7@cpanel.net,Male,22.247.134.68
837,Jaye,Aikman,jaikmann8@latimes.com,Male,99.61.205.8
838,Filia,Clewlowe,fclewlowen9@123-reg.co.uk,Female,111.99.240.26
839,Wilie,MacGuigan,wmacguiganna@seesaa.net,Female,32.181.32.174
840,Jo ann,Cavalier,jcavaliernb@blogtalkradio.com,Female,225.38.236.141
841,Alli,Dalman,adalmannc@sohu.com,Female,130.134.197.37
842,Cindee,Joy,cjoynd@loc.gov,Female,27.190.66.82
843,Wyndham,Francescotti,wfrancescottine@hugedomains.com,Male,38.172.115.124
844,Prissie,Cormode,pcormodenf@github.com,Female,98.167.203.166
845,Ed,Hynam,ehynamng@parallels.com,Male,87.68.217.118
846,Joyce,Assiter,jassiternh@pinterest.com,Female,35.160.225.98
847,Balduin,Howel,bhowelni@webs.com,Male,7.247.1.25
848,Gearard,Reen,greennj@ycombinator.com,Male,157.84.201.109
849,Earle,Horbart,ehorbartnk@mtv.com,Male,188.173.116.164
850,Bartolomeo,Beeze,bbeezenl@google.com.au,Male,8.239.171.50
851,Kora,Cheetham,kcheethamnm@twitpic.com,Female,63.55.184.222
852,Alexi,Schimmang,aschimmangnn@google.com.br,Female,191.231.139.24
853,Pru,Weepers,pweepersno@dmoz.org,Female,253.4.138.71
854,Eddie,Ready,ereadynp@telegraph.co.uk,Male,162.144.115.232
855,Torrey,Bathowe,tbathowenq@mapy.cz,Male,180.12.170.106
856,Reynolds,Broxap,rbroxapnr@salon.com,Male,109.150.101.106
857,Laurens,Bodell,lbodellns@icq.com,Male,200.200.52.228
858,Dyanne,Radden,draddennt@arstechnica.com,Bigender,242.42.186.85
859,Craig,Hatry,chatrynu@1und1.de,Male,107.25.154.226
860,Mariellen,Folds,mfoldsnv@salon.com,Female,69.141.54.140
861,Joell,Arstall,jarstallnw@fema.gov,Female,26.129.247.144
862,Fons,Venturoli,fventurolinx@list-manage.com,Male,227.165.229.72
863,Josselyn,Whenman,jwhenmanny@tinypic.com,Female,39.95.159.26
864,Ardine,Koppelmann,akoppelmannnz@usa.gov,Female,120.70.243.63
865,Matthieu,Josefson,mjosefsono0@1688.com,Male,253.36.114.241
866,Caleb,Yakobowitz,cyakobowitzo1@icio.us,Male,95.238.225.45
867,Desmond,Pressman,dpressmano2@rakuten.co.jp,Male,246.0.212.217
868,Rea,Marquese,rmarqueseo3@wordpress.com,Female,111.12.215.6
869,North,Becconsall,nbecconsallo4@goo.gl,Male,242.63.178.147
870,Mendel,Andren,mandreno5@purevolume.com,Male,235.229.212.191
871,Gan,Vickers,gvickerso6@nydailynews.com,Male,36.132.90.72
872,Tallie,De Gregoli,tdegregolio7@bravesites.com,Male,208.64.251.88
873,Adriaens,Oakey,aoakeyo8@networkadvertising.org,Female,91.193.173.14
874,Jeremy,Hrishchenko,jhrishchenkoo9@reference.com,Male,79.202.179.13
875,Dani,Denniss,ddennissoa@devhub.com,Female,4.9.187.209
876,Cy,Bellino,cbellinoob@reuters.com,Male,80.127.70.116
877,Biddy,McCuffie,bmccuffieoc@hud.gov,Female,139.224.165.183
878,Bobina,Gormley,bgormleyod@wikia.com,Female,238.49.110.253
879,Moselle,Dedon,mdedonoe@marketwatch.com,Female,25.169.168.35
880,Ada,Packham,apackhamof@amazonaws.com,Genderfluid,175.57.129.161
881,Sigismund,Kliesl,sklieslog@ehow.com,Male,167.224.193.68
882,Fionnula,Treven,ftrevenoh@illinois.edu,Female,162.22.208.232
883,Demetra,Carlisso,dcarlissooi@accuweather.com,Female,10.177.44.123
884,York,Rannald,yrannaldoj@dailymotion.com,Non-binary,236.151.191.246
885,Dougy,Purshouse,dpurshouseok@webmd.com,Male,235.39.181.237
886,Daisy,Antrim,dantrimol@umn.edu,Female,202.36.173.240
887,Buiron,Woolger,bwoolgerom@mediafire.com,Male,81.246.180.142
888,Velvet,Lydiatt,vlydiatton@comsenz.com,Female,40.230.85.20
889,Taber,Miskimmon,tmiskimmonoo@amazon.co.jp,Polygender,13.116.89.150
890,Harrietta,Ondrak,hondrakop@google.de,Non-binary,21.84.170.138
891,Les,Dinwoodie,ldinwoodieoq@msn.com,Male,127.208.109.60
892,Celka,McDougle,cmcdougleor@bloomberg.com,Female,37.124.30.213
893,Shannen,Pallaske,spallaskeos@vk.com,Female,55.112.207.238
894,Tabb,Woolvin,twoolvinot@harvard.edu,Male,250.25.41.169
895,Reese,Tubbles,rtubblesou@google.es,Male,84.137.68.5
896,Suzi,Dyzart,sdyzartov@weibo.com,Female,204.76.78.253
897,Nevsa,Metrick,nmetrickow@g.co,Polygender,112.87.223.20
898,Sibylla,Lomansey,slomanseyox@businesswire.com,Female,203.196.69.54
899,Samuel,Ambrosch,sambroschoy@nps.gov,Male,69.223.78.35
900,Lydon,Turneux,lturneuxoz@twitpic.com,Male,230.227.79.116
901,Tadd,Crosseland,tcrosselandp0@guardian.co.uk,Male,221.16.83.10
902,Venita,Stafford,vstaffordp1@gizmodo.com,Female,35.158.221.132
903,Jeremiah,Martini,jmartinip2@engadget.com,Male,84.118.72.218
904,Sydney,Verrico,sverricop3@nyu.edu,Male,180.129.249.48
905,Worden,Russi,wrussip4@samsung.com,Male,0.201.172.149
906,Leslie,Baake,lbaakep5@jiathis.com,Female,149.86.52.249
907,Jackelyn,Livermore,jlivermorep6@qq.com,Female,18.33.3.63
908,Shawna,Spatoni,sspatonip7@yahoo.com,Female,88.129.230.76
909,Loydie,Bettenay,lbettenayp8@chron.com,Polygender,242.239.10.55
910,Cy,Musla,cmuslap9@netlog.com,Male,140.79.180.80
911,Stu,Raraty,sraratypa@usda.gov,Agender,229.41.25.155
912,Gale,Janway,gjanwaypb@sciencedaily.com,Genderfluid,148.124.234.248
913,Jeremiah,Ferrillio,jferrilliopc@twitpic.com,Male,208.237.52.32
914,Uriel,Dallin,udallinpd@microsoft.com,Male,50.85.139.95
915,Judah,Gallgher,jgallgherpe@economist.com,Male,218.237.181.244
916,Linet,Symes,lsymespf@bloglines.com,Female,253.172.25.70
917,Gian,Halbard,ghalbardpg@bbc.co.uk,Male,151.245.23.136
918,Olvan,Wynter,owynterph@bluehost.com,Male,3.12.46.91
919,Birgitta,Enoksson,benokssonpi@wisc.edu,Female,33.0.54.169
920,Effie,Breward,ebrewardpj@unicef.org,Female,33.166.195.215
921,Jed,Bennitt,jbennittpk@about.me,Male,9.25.3.215
922,Hector,Witson,hwitsonpl@va.gov,Male,184.38.70.220
923,Mohandis,Leith-Harvey,mleithharveypm@dropbox.com,Male,174.28.17.245
924,Jody,Watting,jwattingpn@mapquest.com,Female,27.174.166.186
925,Nikki,Paunsford,npaunsfordpo@go.com,Male,189.160.97.29
926,Beau,Dickerline,bdickerlinepp@google.com,Genderfluid,128.168.59.50
927,Gerda,Dunphy,gdunphypq@ebay.co.uk,Female,179.28.208.114
928,Natalya,Pocknell,npocknellpr@dmoz.org,Female,234.11.93.106
929,Cheston,Droogan,cdrooganps@xinhuanet.com,Male,137.5.22.98
930,Maynord,Crocombe,mcrocombept@digg.com,Male,106.151.16.220
931,Moll,Breissan,mbreissanpu@statcounter.com,Female,75.131.253.254
932,Jeanine,Townley,jtownleypv@europa.eu,Female,238.15.175.124
933,Rosette,Males,rmalespw@youtube.com,Female,152.118.249.149
934,Loydie,Leigh,lleighpx@virginia.edu,Male,12.251.220.96
935,Saundra,Headon,sheadonpy@ezinearticles.com,Male,147.97.1.56
936,Blondy,Casarini,bcasarinipz@twitter.com,Female,53.188.149.224
937,Gustie,Scorthorne,gscorthorneq0@harvard.edu,Female,249.58.137.108
938,Lonna,Sant,lsantq1@cnn.com,Female,3.4.90.59
939,Agatha,Ryde,arydeq2@hud.gov,Female,204.99.134.90
940,Sapphire,Scamal,sscamalq3@wikipedia.org,Female,46.80.136.23
941,Jerad,Ibbett,jibbettq4@wired.com,Male,41.29.207.19
942,Eric,Markey,emarkeyq5@hubpages.com,Male,225.30.176.130
943,Demetrius,Draijer,ddraijerq6@seattletimes.com,Male,6.89.37.185
944,Erny,Matyushonok,ematyushonokq7@123-reg.co.uk,Male,233.111.67.36
945,Laina,Cuthbertson,lcuthbertsonq8@alexa.com,Genderfluid,145.208.228.217
946,Sergio,Thompson,sthompsonq9@sina.com.cn,Male,230.21.67.179
947,Vanessa,Abramchik,vabramchikqa@abc.net.au,Female,230.230.35.19
948,Reeba,Jovasevic,rjovasevicqb@sun.com,Female,107.227.158.73
949,Gualterio,Petford,gpetfordqc@disqus.com,Male,112.23.142.39
950,Kissee,Palumbo,kpalumboqd@last.fm,Female,249.48.105.151
951,Darius,Gravells,dgravellsqe@bandcamp.com,Male,18.123.229.207
952,Gothart,Uzielli,guzielliqf@sitemeter.com,Male,214.20.190.166
953,Antonetta,Brazener,abrazenerqg@apache.org,Female,195.174.92.69
954,Vinson,Mulqueen,vmulqueenqh@amazon.com,Male,138.147.17.12
955,Jannelle,Petrishchev,jpetrishchevqi@businessinsider.com,Female,112.252.50.232
956,Lannie,Spensly,lspenslyqj@chron.com,Male,59.200.128.223
957,Noe,Feedome,nfeedomeqk@baidu.com,Male,59.160.20.230
958,Goddard,Springford,gspringfordql@tamu.edu,Male,6.9.170.152
959,Renata,Ledner,rlednerqm@drupal.org,Female,144.138.177.156
960,Carlyle,Gentreau,cgentreauqn@bizjournals.com,Male,13.31.81.231
961,Alard,Paskell,apaskellqo@marriott.com,Male,6.123.108.178
962,Orran,Palethorpe,opalethorpeqp@chicagotribune.com,Male,186.128.145.104
963,Karole,Miko,kmikoqq@bluehost.com,Female,146.181.105.182
964,Ravi,Tyre,rtyreqr@unesco.org,Male,96.134.194.131
965,Jasmin,Footer,jfooterqs@dyndns.org,Female,225.30.48.158
966,Corny,Reek,creekqt@statcounter.com,Male,194.238.122.137
967,Kaitlynn,Eaddy,keaddyqu@lulu.com,Female,188.241.125.78
968,Gaspard,Sitlinton,gsitlintonqv@myspace.com,Male,233.186.5.252
969,Shamus,Birley,sbirleyqw@unc.edu,Male,142.170.156.150
970,Grenville,Symcock,gsymcockqx@tumblr.com,Male,177.237.246.149
971,Lonee,Byway,lbywayqy@npr.org,Female,33.148.249.146
972,Augusto,Eggers,aeggersqz@arizona.edu,Genderqueer,25.133.52.237
973,Ashby,Jagg,ajaggr0@list-manage.com,Male,141.223.190.140
974,Fayth,Turrell,fturrellr1@si.edu,Female,179.183.142.223
975,Cob,Kitchiner,ckitchinerr2@umich.edu,Non-binary,93.37.242.194
976,Lane,Erat,leratr3@whitehouse.gov,Male,11.142.222.229
977,Emanuel,Sibbering,esibberingr4@ft.com,Male,25.13.60.51
978,Janean,Boother,jbootherr5@eventbrite.com,Female,117.175.113.58
979,Ryun,Janovsky,rjanovskyr6@aol.com,Male,220.230.56.180
980,Elbertina,Baskett,ebaskettr7@harvard.edu,Female,227.246.26.99
981,Carla,Insall,cinsallr8@china.com.cn,Female,106.113.198.177
982,Ninnetta,Van Leijs,nvanleijsr9@engadget.com,Female,141.126.120.51
983,Drona,Coxwell,dcoxwellra@washington.edu,Female,4.187.91.206
984,Dwain,Hiseman,dhisemanrb@icio.us,Male,219.108.24.6
985,Frans,Masse,fmasserc@illinois.edu,Male,141.109.36.93
986,Ives,Smallcombe,ismallcomberd@is.gd,Genderqueer,102.122.117.111
987,Noby,Mattimoe,nmattimoere@dedecms.com,Male,32.68.225.254
988,Jemmy,Bickell,jbickellrf@youku.com,Female,156.211.89.233
989,Heath,Lages,hlagesrg@paginegialle.it,Female,18.248.182.19
990,Marlie,Wharmby,mwharmbyrh@zdnet.com,Female,50.59.136.0
991,Rand,Gianasi,rgianasiri@diigo.com,Male,159.132.16.4
992,Meredith,Doby,mdobyrj@cloudflare.com,Female,130.220.253.219
993,Ingar,Curnnokk,icurnnokkrk@joomla.org,Male,15.114.97.188
994,Bili,McLeman,bmclemanrl@opera.com,Female,137.244.42.52
995,Jasmine,Tuckerman,jtuckermanrm@webs.com,Female,162.237.122.255
996,Rafi,Wilcher,rwilcherrn@networksolutions.com,Male,20.173.123.145
997,Reinhold,Gossage,rgossagero@microsoft.com,Male,93.78.174.65
998,Dino,Loughan,dloughanrp@mysql.com,Male,0.101.126.128
999,Timmie,Coursor,tcoursorrq@buzzfeed.com,Male,128.13.2.169
1000,Seamus,Silcocks,ssilcocksrr@hp.com,Male,188.238.140.157
